timestamp,UUID,latitude,longitude,minDistToRoad,minDistToRest,closestRoadLoc
2018-08-16 14:00:00+05:30,D34EDAEB5B564570,28.675333,77.066686,5.905750498901357,7.030687778342396,8339+
2018-08-16 14:00:00+05:30,64208C63C6C702A5,28.608311,77.036353,5.4899368997301305,7.275845526868136,458+
2018-08-23 15:00:00+05:30,64208C63C6C702A5,28.666378,77.212686,4.83059820487959,7.16437048714556,8523-
2018-08-27 13:00:00+05:30,D34EDAEB5B564570,28.70295,77.104917,6.769398466664241,6.830526775251908,2825-
2018-08-29 13:00:00+05:30,212B4F030E110F1B,28.552417,77.173775,6.0347534570679455,6.066623197509115,308-
2018-08-29 13:00:00+05:30,64208C63C6C702A5,28.553064,77.170164,5.889327689384514,6.412084899977116,308-
2018-08-29 17:00:00+05:30,67884227A72B71D1,28.542814,77.198289,5.289003829282148,6.0478588915771985,591+
2018-08-29 17:00:00+05:30,557C24E84D0675A1,28.525695,77.192931,5.621803737010391,6.02906923973086,294+
2018-08-30 15:00:00+05:30,D34EDAEB5B564570,28.600079,77.103389,6.677875579489344,8.000799222913273,458+
2018-09-10 18:00:00+05:30,E864778321F55A8F,28.581887,77.21621,5.764703754721168,6.106446411308194,8014-
2018-09-17 10:00:00+05:30,212B4F030E110F1B,28.43171,77.171,6.835948933669519,7.7059356547881865,588+
2018-09-17 11:00:00+05:30,64208C63C6C702A5,28.42119,77.17411,7.141963482823614,7.9892100806306505,588+
2018-09-19 11:00:00+05:30,3226265E938C7D1D,28.697957,77.348056,6.344297919063921,7.81308028138334,7961+
2018-09-20 12:00:00+05:30,557C24E84D0675A1,28.697957,77.348056,6.344297919063921,7.81308028138334,7961+
2018-09-24 13:00:00+05:30,E864778321F55A8F,28.703948,77.321962,6.364105677874444,7.65557507015505,7961+
2018-09-27 11:00:00+05:30,64208C63C6C702A5,28.737332,77.283435,6.187923675780028,8.53947166007207,7961+
2018-09-27 12:00:00+05:30,E864778321F55A8F,28.686554,77.298917,5.762775599734664,5.880443436783506,7961+
2018-09-27 12:00:00+05:30,557C24E84D0675A1,28.686554,77.298917,5.762775599734664,5.880443436783506,7961+
2018-10-03 13:00:00+05:30,64208C63C6C702A5,28.718296,77.24641,7.023139084090677,7.7901762605377955,7961+
2018-10-04 10:00:00+05:30,D34EDAEB5B564570,28.558397,77.207117,3.281469532574072,5.155295128363506,354+
2018-10-09 11:00:00+05:30,694A8759A1D9E3AE,28.513025,77.304753,6.445558561299305,7.929640807790597,1910+
2018-10-09 12:00:00+05:30,7E81A98CC79E85D9,28.490489,77.307264,5.532760854065478,8.495669512262705,831-
2018-10-09 13:00:00+05:30,9084B4C6D75043A3,28.501555,77.311083,6.840159152440911,8.340859105508171,9453-
2018-10-09 14:00:00+05:30,0616A079FD77F277,28.49039,77.309921,5.843338759366971,8.530600020488112,831-
2018-10-09 14:00:00+05:30,EB35F0770283A33A,28.49039,77.309921,5.843338759366971,8.530600020488112,831-
2018-10-09 16:00:00+05:30,64208C63C6C702A5,28.716687,77.262247,6.034632684658481,8.19611442884761,7961+
2018-10-09 16:00:00+05:30,557C24E84D0675A1,28.716687,77.262247,6.034632684658481,8.19611442884761,7961+
2018-10-24 15:00:00+05:30,557C24E84D0675A1,28.705959,77.316932,6.801669174600478,7.661893590620341,7961+
2018-10-24 15:00:00+05:30,212B4F030E110F1B,28.705959,77.316932,6.801669174600478,7.661893590620341,7961+
2018-11-02 11:00:00+05:30,212B4F030E110F1B,28.695098,77.284159,5.628460866860196,6.560103030681028,7961+
2018-11-13 11:00:00+05:30,557C24E84D0675A1,28.698156,77.323648,3.7260892048315584,7.442394246051769,7961+
2018-11-13 12:00:00+05:30,7E81A98CC79E85D9,28.69878,77.328286,4.942309088435348,7.6488862598284335,7961+
2018-11-13 12:00:00+05:30,64208C63C6C702A5,28.69878,77.328286,4.942309088435348,7.6488862598284335,7961+
2018-11-13 14:00:00+05:30,D34EDAEB5B564570,28.747713,77.301777,5.84274101004403,8.74514989467146,7961+
2018-11-15 14:00:00+05:30,212B4F030E110F1B,28.582069,77.148584,6.097248841484047,7.000101101582731,2864+
2018-11-15 15:00:00+05:30,EB35F0770283A33A,28.572054,77.158649,5.595032490957918,6.207371458858057,2864+
2018-11-15 17:00:00+05:30,3226265E938C7D1D,28.503364,77.30167,4.9519696751934905,8.15039265295266,1910+
2018-11-16 11:00:00+05:30,64208C63C6C702A5,28.7178423,77.291054,4.878933859758056,7.968967828303544,7961+
2018-11-16 11:00:00+05:30,7E81A98CC79E85D9,28.7178423,77.291054,4.878933859758056,7.968967828303544,7961+
2018-11-20 12:00:00+05:30,64208C63C6C702A5,28.694654,77.305338,6.176040495554856,6.761368044632674,7961+
2018-11-20 12:00:00+05:30,7E81A98CC79E85D9,28.694654,77.305338,6.176040495554856,6.761368044632674,7961+
2018-11-22 14:00:00+05:30,557C24E84D0675A1,28.493888,77.238889,7.62968570232748,6.53128952370046,31199+
2018-11-22 15:00:00+05:30,EB35F0770283A33A,28.556012,77.171497,5.48342814896576,5.779667165243429,308-
2018-11-29 11:00:00+05:30,64208C63C6C702A5,28.707803,77.308179,6.897035412366347,7.706772466966782,7961+
2018-11-29 11:00:00+05:30,7E81A98CC79E85D9,28.707803,77.308179,6.897035412366347,7.706772466966782,7961+
2018-11-29 11:00:00+05:30,3226265E938C7D1D,28.59444,77.226522,5.364091202215561,6.2095574582457465,7961+
2018-11-29 11:00:00+05:30,EB35F0770283A33A,28.571322,77.225756,4.832376022446641,6.202900593972587,1535+
2018-11-29 12:00:00+05:30,557C24E84D0675A1,28.69718,77.332263,4.310470327421351,7.7293891672151,7961+
2018-11-29 13:00:00+05:30,212B4F030E110F1B,28.69718,77.332263,4.310470327421351,7.7293891672151,7961+
2018-11-29 13:00:00+05:30,D34EDAEB5B564570,28.478039,77.128039,5.909754416941706,8.143463255921114,1743-
2018-11-29 15:00:00+05:30,E864778321F55A8F,28.474476,77.128957,6.583092950919115,8.16657683454049,290+
2018-12-03 11:00:00+05:30,3226265E938C7D1D,28.552417,77.173775,6.0347534570679455,6.066623197509115,308-
2018-12-03 11:00:00+05:30,D34EDAEB5B564570,28.542814,77.198289,5.289003829282148,6.0478588915771985,591+
2018-12-03 12:00:00+05:30,EB35F0770283A33A,28.553064,77.170164,5.889327689384514,6.412084899977116,308-
2018-12-03 12:00:00+05:30,E864778321F55A8F,28.525695,77.192931,5.621803737010391,6.02906923973086,294+
2018-12-04 12:00:00+05:30,557C24E84D0675A1,28.741353,77.292482,6.02390616522705,8.611840941816038,7961+
2018-12-04 12:00:00+05:30,64208C63C6C702A5,28.741353,77.292482,6.02390616522705,8.611840941816038,7961+
2018-12-04 14:00:00+05:30,212B4F030E110F1B,28.706787,77.331545,3.0756059179298587,7.982829253548575,7961+
2018-12-04 14:00:00+05:30,7E81A98CC79E85D9,28.706787,77.331545,3.0756059179298587,7.982829253548575,7961+
2018-12-06 12:00:00+05:30,EB35F0770283A33A,28.592207,77.202466,6.1027733464884095,7.175628261193833,2825-
2018-12-06 14:00:00+05:30,E864778321F55A8F,28.647917,77.208048,5.264685275928062,6.0549643050033435,2825-
2018-12-06 18:00:00+05:30,D34EDAEB5B564570,28.647917,77.208048,5.264685275928062,6.0549643050033435,2825-
2018-12-07 11:00:00+05:30,212B4F030E110F1B,28.696712,77.347011,6.012867127859816,7.783001550293933,7961+
2018-12-07 12:00:00+05:30,7E81A98CC79E85D9,28.696712,77.347011,6.012867127859816,7.783001550293933,7961+
2018-12-11 11:00:00+05:30,7E81A98CC79E85D9,28.705218,77.326556,6.2505221035291765,7.816425838156282,7961+
2018-12-11 12:00:00+05:30,212B4F030E110F1B,28.705218,77.326556,6.2505221035291765,7.816425838156282,7961+
2018-12-13 14:00:00+05:30,EB35F0770283A33A,28.664514,77.050044,5.235924758211052,7.678444153922766,458+
2018-12-13 15:00:00+05:30,E864778321F55A8F,28.708667,77.10056,7.028837127359961,6.995408117777389,2825-
2018-12-14 12:00:00+05:30,64208C63C6C702A5,28.69924,77.309459,4.296535528418378,7.179770162640277,7961+
2018-12-14 12:00:00+05:30,557C24E84D0675A1,28.69924,77.309459,4.296535528418378,7.179770162640277,7961+
2018-12-14 14:00:00+05:30,212B4F030E110F1B,28.726006,77.376644,8.192664830834225,8.628746800483288,7961+
2018-12-14 14:00:00+05:30,7E81A98CC79E85D9,28.726006,77.376644,8.192664830834225,8.628746800483288,7961+
2018-12-18 12:00:00+05:30,7E81A98CC79E85D9,28.701134,77.328068,5.951445689851027,7.7177552581839794,7961+
2018-12-18 12:00:00+05:30,212B4F030E110F1B,28.701134,77.328068,5.951445689851027,7.7177552581839794,7961+
2018-12-19 12:00:00+05:30,64208C63C6C702A5,28.686554,77.298917,5.762775599734664,5.880443436783506,7961+
2018-12-19 15:00:00+05:30,212B4F030E110F1B,28.716687,77.262247,6.034632684658481,8.19611442884761,7961+
2018-12-19 15:00:00+05:30,7E81A98CC79E85D9,28.716687,77.262247,6.034632684658481,8.19611442884761,7961+
2018-12-20 11:00:00+05:30,EB35F0770283A33A,28.568989,77.278997,6.78112964363015,7.111910348404453,1535+
2018-12-20 11:00:00+05:30,3226265E938C7D1D,28.563328,77.284111,5.202822382175182,6.698364350300419,1910+
2018-12-20 14:00:00+05:30,E864778321F55A8F,28.602656,77.046922,5.3623664472953925,6.617717780866719,458+
2018-12-20 14:00:00+05:30,200A7CED9D597407,28.608311,77.036353,5.4899368997301305,7.275845526868136,458+
2018-12-22 11:00:00+05:30,7E81A98CC79E85D9,28.691421,77.333837,6.1192571790305905,7.639037458901535,7961+
2018-12-22 12:00:00+05:30,64208C63C6C702A5,28.691421,77.333837,6.1192571790305905,7.639037458901535,7961+
2018-12-22 13:00:00+05:30,212B4F030E110F1B,28.720334,77.307557,7.4702830835346115,8.165372822673506,7961+
2018-12-22 13:00:00+05:30,557C24E84D0675A1,28.720334,77.307557,7.4702830835346115,8.165372822673506,7961+
2018-12-26 14:00:00+05:30,64208C63C6C702A5,28.703948,77.321962,6.364105677874444,7.65557507015505,7961+
2018-12-26 14:00:00+05:30,7E81A98CC79E85D9,28.703948,77.321962,6.364105677874444,7.65557507015505,7961+
2018-12-26 16:00:00+05:30,212B4F030E110F1B,28.697957,77.348056,6.344297919063921,7.81308028138334,7961+
2018-12-27 13:00:00+05:30,EB35F0770283A33A,28.730736,77.026099,5.553225501002455,8.737366133735344,8339+
2018-12-27 13:00:00+05:30,67884227A72B71D1,28.730736,77.026099,5.553225501002455,8.737366133735344,8339+
2018-12-27 14:00:00+05:30,E864778321F55A8F,28.730855,77.039538,1.5097861808707562,8.646314403998304,8339+
2018-12-27 16:00:00+05:30,3226265E938C7D1D,28.563785,77.218507,6.102629184945412,6.222074674589588,8544+
2018-12-27 16:00:00+05:30,3226265E938C7D1D,28.560633,77.211353,5.973346845164991,6.486698106359692,8543+
2018-12-27 17:00:00+05:30,D34EDAEB5B564570,28.560633,77.211353,5.973346845164991,6.486698106359692,8543+
2018-12-31 12:00:00+05:30,D34EDAEB5B564570,28.667906,77.286083,5.694519752689828,5.846363290190732,7961+
2018-12-31 13:00:00+05:30,E864778321F55A8F,28.600079,77.103389,6.677875579489344,8.000799222913273,458+
2018-12-31 13:00:00+05:30,67884227A72B71D1,28.600079,77.103389,6.677875579489344,8.000799222913273,458+
2018-12-31 13:00:00+05:30,67884227A72B71D1,28.601747,77.099828,6.662702217194432,7.898171295108953,458+
2019-01-02 12:00:00+05:30,64208C63C6C702A5,28.708181,77.286153,6.18024751235839,7.546991711787667,7961+
2019-01-02 12:00:00+05:30,7E81A98CC79E85D9,28.708181,77.286153,6.18024751235839,7.546991711787667,7961+
2019-01-02 13:00:00+05:30,557C24E84D0675A1,28.737332,77.283435,6.187923675780028,8.53947166007207,7961+
2019-01-03 10:00:00+05:30,E864778321F55A8F,28.542372,77.185471,5.249890689930035,5.3141411824695135,307+
2019-01-03 11:00:00+05:30,D34EDAEB5B564570,28.542372,77.185471,5.249890689930035,5.3141411824695135,307+
2019-01-03 12:00:00+05:30,67884227A72B71D1,28.57632,77.223881,5.702398559212554,6.10168497118691,7961+
2019-01-03 12:00:00+05:30,3226265E938C7D1D,28.57632,77.223881,5.702398559212554,6.10168497118691,7961+
2019-01-07 13:00:00+05:30,7E81A98CC79E85D9,28.43171,77.171,6.835948933669519,7.7059356547881865,588+
2019-01-07 15:00:00+05:30,557C24E84D0675A1,28.718296,77.24641,7.023139084090677,7.7901762605377955,7961+
2019-01-08 13:00:00+05:30,3226265E938C7D1D,28.521759,77.162184,5.223460515396156,5.876122985672314,17511+
2019-01-08 14:00:00+05:30,67884227A72B71D1,28.519355,77.177083,6.841046162564273,6.350590945145181,293-
2019-01-08 16:00:00+05:30,E864778321F55A8F,28.492548,77.160632,6.431246850244209,7.074026292106384,290+
2019-01-08 16:00:00+05:30,D34EDAEB5B564570,28.492548,77.160632,6.431246850244209,7.074026292106384,290+
2019-01-09 13:00:00+05:30,7E81A98CC79E85D9,28.69728,77.296782,5.767361044876041,6.678797918861176,7961+
2019-01-09 14:00:00+05:30,64208C63C6C702A5,28.694856,77.276625,5.922234788559332,7.074917269219791,7961+
2019-01-11 13:00:00+05:30,7E81A98CC79E85D9,28.70578,77.332263,3.7899181769817636,7.972349257759773,7961+
2019-01-14 11:00:00+05:30,E864778321F55A8F,28.569243,77.286321,6.277990303155308,7.084029831263957,1910+
2019-01-14 12:00:00+05:30,64208C63C6C702A5,28.726144,77.376584,8.19693812464449,8.631033227684819,7961+
2019-01-14 12:00:00+05:30,557C24E84D0675A1,28.726144,77.376584,8.19693812464449,8.631033227684819,7961+
2019-01-14 12:00:00+05:30,D34EDAEB5B564570,28.569243,77.286321,6.277990303155308,7.084029831263957,1910+
2019-01-14 13:00:00+05:30,67884227A72B71D1,28.547134,77.301067,5.88186070810772,6.236166935443496,1910+
2019-01-14 13:00:00+05:30,3226265E938C7D1D,28.547134,77.301067,5.88186070810772,6.236166935443496,1910+
2019-01-17 15:00:00+05:30,E864778321F55A8F,28.505876,77.301882,4.713154303917388,8.099582860375032,1910+
2019-01-17 16:00:00+05:30,D34EDAEB5B564570,28.500817,77.302908,4.946292021429853,8.229524429292518,1910+
2019-01-17 16:00:00+05:30,67884227A72B71D1,28.500817,77.302908,4.946292021429853,8.229524429292518,1910+
2019-01-18 00:00:00+05:30,3226265E938C7D1D,28.518948,77.23367,6.272787938451849,6.214753586584601,31199+
2019-01-22 14:00:00+05:30,E864778321F55A8F,28.67465,77.289548,3.334445599102326,6.795637023293539,7961+
2019-01-22 15:00:00+05:30,557C24E84D0675A1,28.42119,77.17411,7.141963482823614,7.9892100806306505,588+
2019-01-22 16:00:00+05:30,D34EDAEB5B564570,28.685531,77.289182,5.669734173722551,5.339000022257386,7961+
2019-01-24 14:00:00+05:30,212B4F030E110F1B,28.69878,77.328286,4.942309088435348,7.6488862598284335,7961+
2019-01-24 15:00:00+05:30,557C24E84D0675A1,28.7178423,77.291054,4.878933859758056,7.968967828303544,7961+
2019-01-28 12:00:00+05:30,67884227A72B71D1,28.581887,77.21621,5.764703754721168,6.106446411308194,8014-
2019-01-28 12:00:00+05:30,E864778321F55A8F,28.558397,77.207117,3.281469532574072,5.155295128363506,354+
2019-01-28 13:00:00+05:30,D34EDAEB5B564570,28.561897,77.218099,5.745746696834572,6.378964003309034,8544+
2019-01-28 13:00:00+05:30,3226265E938C7D1D,28.561897,77.218099,5.745746696834572,6.378964003309034,8544+
2019-01-29 09:00:00+05:30,64208C63C6C702A5,28.697957,77.348056,6.344297919063921,7.81308028138334,7961+
2019-01-29 11:00:00+05:30,212B4F030E110F1B,28.695171,77.28318,5.2358989637077675,6.6257990379796565,7961+
2019-02-04 11:00:00+05:30,212B4F030E110F1B,28.737332,77.283435,6.187923675780028,8.53947166007207,7961+
2019-02-04 11:00:00+05:30,E864778321F55A8F,28.578054,77.178677,5.082368199250268,6.731883843488609,8339+
2019-02-04 12:00:00+05:30,67884227A72B71D1,28.57104,77.158783,5.757878480583976,6.319095014455338,2864+
2019-02-04 13:00:00+05:30,557C24E84D0675A1,28.707803,77.308179,6.897035412366347,7.706772466966782,7961+
2019-02-04 14:00:00+05:30,D34EDAEB5B564570,28.560287,77.232891,3.630223889133724,5.9162443793678205,1535+
2019-02-04 15:00:00+05:30,3226265E938C7D1D,28.505807,77.233959,6.771194527966362,6.61244590578248,31199+
2019-02-05 09:00:00+05:30,EB35F0770283A33A,28.505807,77.233959,6.771194527966362,6.61244590578248,31199+
2019-02-07 10:00:00+05:30,EB35F0770283A33A,28.622816,77.306183,4.0415274337337666,6.380977695390079,7961+
2019-02-07 11:00:00+05:30,E864778321F55A8F,28.622816,77.306183,4.0415274337337666,6.380977695390079,7961+
2019-02-07 12:00:00+05:30,3226265E938C7D1D,28.502722,77.335861,7.553771893923391,8.242653081889424,17496-
2019-02-07 12:00:00+05:30,67884227A72B71D1,28.502856,77.337228,7.492592412099767,8.232660648330613,17496-
2019-02-07 13:00:00+05:30,D34EDAEB5B564570,28.621203,77.305891,5.364626283186883,6.64651935092133,7961+
2019-02-07 16:00:00+05:30,212B4F030E110F1B,28.726681,77.26476,5.605364949915195,8.388404064519092,7961+
2019-02-08 14:00:00+05:30,557C24E84D0675A1,28.661723,77.290089,5.464197346908211,6.567538067379555,7961+
2019-02-08 14:00:00+05:30,64208C63C6C702A5,28.661723,77.290089,5.464197346908211,6.567538067379555,7961+
2019-02-09 14:00:00+05:30,67884227A72B71D1,28.486852,77.311843,4.855149374888648,8.506269104378841,831-
2019-02-09 16:00:00+05:30,EB35F0770283A33A,28.57765,77.26358,5.014398687017674,7.339786821918401,1535+
2019-02-09 16:00:00+05:30,D34EDAEB5B564570,28.57765,77.26358,5.014398687017674,7.339786821918401,1535+
2019-02-11 13:00:00+05:30,3226265E938C7D1D,28.369656,77.328893,6.858974303712377,7.058976338294078,5957+
2019-02-14 11:00:00+05:30,E864778321F55A8F,28.596517,77.0537,5.337205972664598,5.738143044398281,458+
2019-02-14 11:00:00+05:30,67884227A72B71D1,28.536802,77.228839,5.741962651572526,6.481723458510468,1276+
2019-02-14 12:00:00+05:30,EB35F0770283A33A,28.619899,77.026781,4.100708583481676,7.913209766763312,458+
2019-02-14 14:00:00+05:30,D34EDAEB5B564570,28.612721,77.05089,6.713475009924324,6.639790781630497,458+
2019-02-15 12:00:00+05:30,557C24E84D0675A1,28.692772,77.320538,5.886037262464754,6.999732014171461,7961+
2019-02-15 12:00:00+05:30,64208C63C6C702A5,28.692772,77.320538,5.886037262464754,6.999732014171461,7961+
2019-02-15 21:00:00+05:30,3226265E938C7D1D,28.612721,77.05089,6.713475009924324,6.639790781630497,458+
2019-02-16 14:00:00+05:30,67884227A72B71D1,28.554075,77.165911,3.7083756736676543,5.9334920189630385,308-
2019-02-16 16:00:00+05:30,E864778321F55A8F,28.570228,77.287051,6.420034494600012,7.147252842715574,1910+
2019-02-16 16:00:00+05:30,EB35F0770283A33A,28.570228,77.287051,6.420034494600012,7.147252842715574,1910+
2019-02-18 11:00:00+05:30,212B4F030E110F1B,28.696513,77.326651,4.913362038335828,7.508382330522639,7961+
2019-02-18 12:00:00+05:30,64208C63C6C702A5,28.686297,77.330068,4.427399557840796,7.357875117707847,7961+
2019-02-18 12:00:00+05:30,557C24E84D0675A1,28.686297,77.330068,4.427399557840796,7.357875117707847,7961+
2019-02-20 11:00:00+05:30,212B4F030E110F1B,28.686554,77.298917,5.762775599734664,5.880443436783506,7961+
2019-02-20 12:00:00+05:30,67884227A72B71D1,28.443732,77.303972,5.982687420265202,7.67403421496778,5957+
2019-02-20 14:00:00+05:30,E864778321F55A8F,28.327843,77.3265,7.100250020005655,8.415006338739595,5957+
2019-02-20 14:00:00+05:30,EB35F0770283A33A,28.326349,77.327482,7.207334631469166,8.454506255476936,5957+
2019-02-22 14:00:00+05:30,212B4F030E110F1B,28.694654,77.305338,6.176040495554856,6.761368044632674,7961+
2019-02-22 14:00:00+05:30,557C24E84D0675A1,28.694654,77.305338,6.176040495554856,6.761368044632674,7961+
2019-02-23 03:00:00+05:30,64208C63C6C702A5,28.697025,77.324286,4.977585572822594,7.420721516781785,7961+
2019-02-27 12:00:00+05:30,212B4F030E110F1B,28.78004,77.326027,6.739745348026445,9.244467479467888,7961+
2019-02-27 12:00:00+05:30,557C24E84D0675A1,28.78004,77.326027,6.739745348026445,9.244467479467888,7961+
2019-02-28 15:00:00+05:30,212B4F030E110F1B,28.747713,77.301777,5.84274101004403,8.74514989467146,7961+
2019-02-28 15:00:00+05:30,557C24E84D0675A1,28.747713,77.301777,5.84274101004403,8.74514989467146,7961+
2019-03-05 13:00:00+05:30,212B4F030E110F1B,28.726144,77.376584,8.19693812464449,8.631033227684819,7961+
2019-03-05 14:00:00+05:30,64208C63C6C702A5,28.726006,77.376644,8.192664830834225,8.628746800483288,7961+
2019-03-07 12:00:00+05:30,64208C63C6C702A5,28.4211,77.1931,5.469727274752696,7.883995913771444,588+
2019-03-07 12:00:00+05:30,557C24E84D0675A1,28.4211,77.1931,5.469727274752696,7.883995913771444,588+
2019-03-07 13:00:00+05:30,3226265E938C7D1D,28.501555,77.311083,6.840159152440911,8.340859105508171,9453-
2019-03-07 13:00:00+05:30,67884227A72B71D1,28.490489,77.307264,5.532760854065478,8.495669512262705,831-
2019-03-07 14:00:00+05:30,043796E597915BAD,28.513025,77.304753,6.445558561299305,7.929640807790597,1910+
2019-03-07 14:00:00+05:30,D34EDAEB5B564570,28.506456,77.302406,5.170184229016967,8.0991526623026,1910+
2019-03-12 14:00:00+05:30,557C24E84D0675A1,28.69728,77.296782,5.767361044876041,6.678797918861176,7961+
2019-03-12 14:00:00+05:30,64208C63C6C702A5,28.69728,77.296782,5.767361044876041,6.678797918861176,7961+
2019-03-14 09:00:00+05:30,557C24E84D0675A1,28.43171,77.171,6.835948933669519,7.7059356547881865,588+
2019-03-14 12:00:00+05:30,EB35F0770283A33A,28.731071,77.171328,6.2556071496245576,8.105317681857732,2825-
2019-03-14 12:00:00+05:30,D34EDAEB5B564570,28.730142,77.167254,6.433953966506346,8.059526864984708,2825-
2019-03-14 12:00:00+05:30,D34EDAEB5B564570,28.731071,77.171328,6.2556071496245576,8.105317681857732,2825-
2019-03-14 13:00:00+05:30,557C24E84D0675A1,28.687613,77.302061,5.365138770042355,6.025289361471833,7961+
2019-03-14 13:00:00+05:30,64208C63C6C702A5,28.687613,77.302061,5.365138770042355,6.025289361471833,7961+
2019-03-14 15:00:00+05:30,67884227A72B71D1,28.403247,76.985521,6.114154965499646,5.95927291948965,1744-
2019-03-16 11:00:00+05:30,557C24E84D0675A1,28.694856,77.276625,5.922234788559332,7.074917269219791,7961+
2019-03-27 16:00:00+05:30,212B4F030E110F1B,28.771578,77.404307,8.668078068618986,9.330178353631805,7961+
2019-03-27 18:00:00+05:30,557C24E84D0675A1,28.623882,77.299647,3.983454370558904,6.838224617057028,7961+
2019-03-28 08:00:00+05:30,64208C63C6C702A5,28.623882,77.299647,3.983454370558904,6.838224617057028,7961+
2019-03-28 14:00:00+05:30,EB35F0770283A33A,28.701134,77.328068,5.951445689851027,7.7177552581839794,7961+
2019-03-28 15:00:00+05:30,D34EDAEB5B564570,28.701134,77.328068,5.951445689851027,7.7177552581839794,7961+
2019-03-28 16:00:00+05:30,3226265E938C7D1D,28.652787,77.29168,4.4435841385090145,7.083754431294992,7961+
2019-04-01 11:00:00+05:30,212B4F030E110F1B,28.70578,77.332263,3.7899181769817636,7.972349257759773,7961+
2019-04-02 11:00:00+05:30,EB35F0770283A33A,28.695616,77.297209,6.199851317531083,6.5260400271714305,7961+
2019-04-02 12:00:00+05:30,D34EDAEB5B564570,28.695616,77.297209,6.199851317531083,6.5260400271714305,7961+
2019-04-02 15:00:00+05:30,3226265E938C7D1D,28.624559,77.340569,6.734896034207108,7.317344079122244,17480+
2019-04-03 16:00:00+05:30,557C24E84D0675A1,28.707285,77.271549,6.167165153344594,7.825070483284356,7961+
2019-04-03 17:00:00+05:30,212B4F030E110F1B,28.707285,77.271549,6.167165153344594,7.825070483284356,7961+
2019-04-05 14:00:00+05:30,557C24E84D0675A1,28.691421,77.333837,6.1192571790305905,7.639037458901535,7961+
2019-04-05 14:00:00+05:30,212B4F030E110F1B,28.691421,77.333837,6.1192571790305905,7.639037458901535,7961+
2019-04-08 09:00:00+05:30,212B4F030E110F1B,28.7178423,77.291054,4.878933859758056,7.968967828303544,7961+
2019-04-08 11:00:00+05:30,D34EDAEB5B564570,28.592207,77.202466,6.1027733464884095,7.175628261193833,2825-
2019-04-08 11:00:00+05:30,C51A3BE4A7AA6F63,28.592207,77.202466,6.1027733464884095,7.175628261193833,2825-
2019-04-10 16:00:00+05:30,557C24E84D0675A1,28.695171,77.28318,5.2358989637077675,6.6257990379796565,7961+
2019-04-12 10:00:00+05:30,557C24E84D0675A1,28.686634,77.298715,5.733885916171576,5.852938607440799,7961+
2019-04-12 10:00:00+05:30,212B4F030E110F1B,28.686634,77.298715,5.733885916171576,5.852938607440799,7961+
2019-04-15 11:00:00+05:30,64208C63C6C702A5,28.695098,77.284159,5.628460866860196,6.560103030681028,7961+
2019-04-15 12:00:00+05:30,557C24E84D0675A1,28.735928,77.302418,6.400764728736234,8.518685720056519,7961+
2019-04-15 12:00:00+05:30,212B4F030E110F1B,28.735928,77.302418,6.400764728736234,8.518685720056519,7961+
2019-04-18 13:00:00+05:30,557C24E84D0675A1,28.722037,77.292849,5.798949799553436,8.118692231656789,7961+
2019-04-18 13:00:00+05:30,64208C63C6C702A5,28.722037,77.292849,5.798949799553436,8.118692231656789,7961+
2019-04-18 15:00:00+05:30,212B4F030E110F1B,28.703513,77.314594,6.462581865562885,7.500583020397722,7961+
2019-04-22 11:00:00+05:30,EB35F0770283A33A,28.547783,77.246594,5.528168401545853,5.416085115389538,1535+
2019-04-22 11:00:00+05:30,D34EDAEB5B564570,28.557844,77.274986,5.175308056191077,6.589869325367629,1535+
2019-04-22 14:00:00+05:30,3226265E938C7D1D,28.503816,77.235919,6.944916299926716,6.157338374532789,31199+
2019-04-25 10:00:00+05:30,64208C63C6C702A5,28.726016,77.376674,8.192376832237008,8.629095442342482,7961+
2019-04-25 10:00:00+05:30,557C24E84D0675A1,28.726006,77.376644,8.192664830834225,8.628746800483288,7961+
2019-04-25 10:00:00+05:30,64208C63C6C702A5,28.726183,77.376874,8.192810880583538,8.633308099399791,7961+
2019-04-25 10:00:00+05:30,212B4F030E110F1B,28.726183,77.376874,8.192810880583538,8.633308099399791,7961+
2019-05-30 11:00:00+05:30,7C0DA7F77D13445F,28.687096,77.32704,5.412101340718763,7.165996932382798,7961+
2019-05-30 11:00:00+05:30,2652460B0D5D4C02,28.703196,77.320875,6.233971118442306,7.5945843492169125,7961+
2019-05-30 11:00:00+05:30,9135C3C94B2A62DA,28.703196,77.320875,6.233971118442306,7.5945843492169125,7961+
2019-05-30 12:00:00+05:30,539EBCF394F3CD0C,28.687096,77.32704,5.412101340718763,7.165996932382798,7961+
2019-05-30 14:00:00+05:30,D2443EE9702B075B,28.712813,77.29842,6.63150698266808,7.793889073988795,7961+
2019-05-30 14:00:00+05:30,29331BA38B066F49,28.71827,77.311379,7.546428928205433,8.13517095118059,7961+
2019-05-30 14:00:00+05:30,B69F884A9448139B,28.712813,77.29842,6.63150698266808,7.793889073988795,7961+
2019-05-30 14:00:00+05:30,D3B58DAB63EF5C61,28.707081,77.28229,6.310730500860302,7.563268843125447,7961+
2019-05-30 14:00:00+05:30,2BCD075FECC68D66,28.71827,77.311379,7.546428928205433,8.13517095118059,7961+
2019-06-01 12:00:00+05:30,2BCD075FECC68D66,28.701288,77.322936,5.643309371724253,7.560076996800915,7961+
2019-06-01 12:00:00+05:30,B69F884A9448139B,28.701288,77.322936,5.643309371724253,7.560076996800915,7961+
2019-06-01 13:00:00+05:30,539EBCF394F3CD0C,28.687613,77.302061,5.365138770042355,6.025289361471833,7961+
2019-06-01 13:00:00+05:30,9135C3C94B2A62DA,28.687613,77.302061,5.365138770042355,6.025289361471833,7961+
2019-06-04 09:00:00+05:30,5F9C8651F6135EDC,28.518948,77.23367,6.272787938451849,6.214753586584601,31199+
2019-06-04 09:00:00+05:30,9135C3C94B2A62DA,28.680679,77.349817,5.928004398235624,6.8855101105899035,7961+
2019-06-04 09:00:00+05:30,5F9C8651F6135EDC,28.520402,77.23391,6.233549028942304,6.214665028578573,31199+
2019-06-04 10:00:00+05:30,B69F884A9448139B,28.680679,77.349817,5.928004398235624,6.8855101105899035,7961+
2019-06-04 11:00:00+05:30,2BCD075FECC68D66,28.726681,77.26476,5.605364949915195,8.388404064519092,7961+
2019-06-04 11:00:00+05:30,539EBCF394F3CD0C,28.726681,77.26476,5.605364949915195,8.388404064519092,7961+
2019-06-06 10:00:00+05:30,29331BA38B066F49,28.706787,77.331545,3.0756059179298587,7.982829253548575,7961+
2019-06-06 10:00:00+05:30,D3B58DAB63EF5C61,28.706787,77.331545,3.0756059179298587,7.982829253548575,7961+
2019-06-07 14:00:00+05:30,D3B58DAB63EF5C61,28.707285,77.271549,6.167165153344594,7.825070483284356,7961+
2019-06-07 14:00:00+05:30,29331BA38B066F49,28.707285,77.271549,6.167165153344594,7.825070483284356,7961+
2019-06-09 09:00:00+05:30,B69F884A9448139B,28.701134,77.328068,5.951445689851027,7.7177552581839794,7961+
2019-06-09 09:00:00+05:30,D2443EE9702B075B,28.701134,77.328068,5.951445689851027,7.7177552581839794,7961+
2019-06-10 16:00:00+05:30,7C0DA7F77D13445F,28.696712,77.347011,6.012867127859816,7.783001550293933,7961+
2019-06-10 16:00:00+05:30,2652460B0D5D4C02,28.696712,77.347011,6.012867127859816,7.783001550293933,7961+
2019-06-11 07:00:00+05:30,5F9C8651F6135EDC,28.494581,77.239539,7.587789846070035,6.453344251706823,31199+
2019-06-11 07:00:00+05:30,5F9C8651F6135EDC,28.493888,77.238889,7.62968570232748,6.53128952370046,31199+
2019-06-11 10:00:00+05:30,E1EFA8FCA05B3FF9,28.48797,77.311938,5.399412755378687,8.52784151448459,831-
2019-06-11 10:00:00+05:30,200A7CED9D597407,28.48797,77.311938,5.399412755378687,8.52784151448459,831-
2019-06-11 11:00:00+05:30,67884227A72B71D1,28.421443,77.317529,6.558485048359971,6.521199324049412,5957+
2019-06-11 11:00:00+05:30,E786F1568F65C296,28.421443,77.317529,6.558485048359971,6.521199324049412,5957+
2019-06-11 13:00:00+05:30,E864778321F55A8F,28.372843,77.284628,6.470614687224342,7.428894528098255,5957+
2019-06-11 13:00:00+05:30,212B4F030E110F1B,28.372843,77.284628,6.470614687224342,7.428894528098255,5957+
2019-06-11 15:00:00+05:30,2BCD075FECC68D66,28.686634,77.298715,5.733885916171576,5.852938607440799,7961+
2019-06-11 15:00:00+05:30,9135C3C94B2A62DA,28.686634,77.298715,5.733885916171576,5.852938607440799,7961+
2019-06-12 13:00:00+05:30,B69F884A9448139B,28.73618,77.300703,6.599478366233647,8.517630743595461,7961+
2019-06-12 13:00:00+05:30,D2443EE9702B075B,28.73618,77.300703,6.599478366233647,8.517630743595461,7961+
2019-06-13 10:00:00+05:30,2652460B0D5D4C02,28.695171,77.28318,5.2358989637077675,6.6257990379796565,7961+
2019-06-13 11:00:00+05:30,9135C3C94B2A62DA,28.695171,77.28318,5.2358989637077675,6.6257990379796565,7961+
2019-06-13 12:00:00+05:30,7C0DA7F77D13445F,28.692809,77.316334,3.021732535494066,6.663442687621912,7961+
2019-06-13 14:00:00+05:30,B69F884A9448139B,28.735928,77.302418,6.400764728736234,8.518685720056519,7961+
2019-06-17 09:00:00+05:30,E786F1568F65C296,28.519355,77.177083,6.841046162564273,6.350590945145181,293-
2019-06-17 10:00:00+05:30,E864778321F55A8F,28.521099,77.174715,6.478883706574366,6.424455909708326,307+
2019-06-17 11:00:00+05:30,67884227A72B71D1,28.521099,77.174715,6.478883706574366,6.424455909708326,307+
2019-06-24 10:00:00+05:30,E864778321F55A8F,28.561897,77.218099,5.745746696834572,6.378964003309034,8544+
2019-06-24 12:00:00+05:30,67884227A72B71D1,28.505807,77.233959,6.771194527966362,6.61244590578248,31199+
2019-06-27 09:00:00+05:30,5F9C8651F6135EDC,28.536754,77.225105,6.295391259963886,6.204079946304536,1276+
2019-06-27 09:00:00+05:30,E864778321F55A8F,28.536754,77.225105,6.295391259963886,6.204079946304536,1276+
2019-06-27 11:00:00+05:30,3226265E938C7D1D,28.486852,77.311843,4.855149374888648,8.506269104378841,831-
2019-07-02 10:00:00+05:30,5F9C8651F6135EDC,28.525695,77.192931,5.621803737010391,6.02906923973086,294+
2019-07-02 11:00:00+05:30,E864778321F55A8F,28.568989,77.278997,6.78112964363015,7.111910348404453,1535+
2019-07-04 11:00:00+05:30,B69F884A9448139B,28.743964,77.266367,5.672191162280654,8.670966239796503,7961+
2019-07-04 11:00:00+05:30,D3B58DAB63EF5C61,28.743964,77.266367,5.672191162280654,8.670966239796503,7961+
2019-07-06 12:00:00+05:30,D3B58DAB63EF5C61,28.703196,77.320875,6.233971118442306,7.5945843492169125,7961+
2019-07-06 13:00:00+05:30,5476CDC5ACA25BC2,28.678641,77.36328,4.331116531229676,6.011138298352133,7961+
2019-07-08 11:00:00+05:30,67884227A72B71D1,28.326349,77.327482,7.207334631469166,8.454506255476936,5957+
2019-07-08 11:00:00+05:30,67884227A72B71D1,28.327843,77.3265,7.100250020005655,8.415006338739595,5957+
2019-07-08 11:00:00+05:30,5F9C8651F6135EDC,28.326349,77.327482,7.207334631469166,8.454506255476936,5957+
2019-07-08 12:00:00+05:30,E864778321F55A8F,28.443732,77.303972,5.982687420265202,7.67403421496778,5957+
2019-07-08 12:00:00+05:30,3E6C9AB21F81863D,28.441896,77.304636,5.8507065391630695,7.68047427744348,5957+
2019-07-08 12:00:00+05:30,E864778321F55A8F,28.441896,77.304636,5.8507065391630695,7.68047427744348,5957+
2019-07-08 14:00:00+05:30,3226265E938C7D1D,28.502856,77.337228,7.492592412099767,8.232660648330613,17496-
2019-07-09 11:00:00+05:30,D3B58DAB63EF5C61,28.661723,77.290089,5.464197346908211,6.567538067379555,7961+
2019-07-15 11:00:00+05:30,B69F884A9448139B,28.696513,77.326651,4.913362038335828,7.508382330522639,7961+
2019-07-15 11:00:00+05:30,D2443EE9702B075B,28.696513,77.326651,4.913362038335828,7.508382330522639,7961+
2019-07-15 11:00:00+05:30,E864778321F55A8F,28.408728,77.048269,6.24271570758893,6.061442676748862,1743-
2019-07-15 14:00:00+05:30,9135C3C94B2A62DA,28.453954,77.008045,5.050491134993619,8.071957615352515,1744-
2019-07-15 14:00:00+05:30,5F9C8651F6135EDC,28.461933,77.032493,2.938300868026047,7.164011711744361,1744-
2019-07-15 14:00:00+05:30,3E6C9AB21F81863D,28.453954,77.008045,5.050491134993619,8.071957615352515,1744-
2019-07-15 16:00:00+05:30,539EBCF394F3CD0C,28.450988,77.006127,3.9685687028030987,8.130185424686399,1744-
2019-07-15 16:00:00+05:30,3226265E938C7D1D,28.448194,77.009874,6.195372744471297,8.028201739865889,1744-
2019-07-15 16:00:00+05:30,539EBCF394F3CD0C,28.448194,77.009874,6.195372744471297,8.028201739865889,1744-
2019-07-15 17:00:00+05:30,29331BA38B066F49,28.464729,76.999615,6.732838799944033,8.35145563774678,458+
2019-07-22 12:00:00+05:30,E864778321F55A8F,28.575524,77.192866,5.625421358266928,5.4093346055739895,8339+
2019-07-22 14:00:00+05:30,3226265E938C7D1D,28.574578,77.207609,5.188907984261949,5.269310068202901,357-
2019-07-22 14:00:00+05:30,D3B58DAB63EF5C61,28.574578,77.207609,5.188907984261949,5.269310068202901,357-
2019-07-22 15:00:00+05:30,5F9C8651F6135EDC,28.557807,77.183667,4.197600548207517,6.730421950410236,591+
2019-07-22 15:00:00+05:30,539EBCF394F3CD0C,28.557807,77.183667,4.197600548207517,6.730421950410236,591+
2019-07-25 10:00:00+05:30,3226265E938C7D1D,28.609094,77.093271,5.093003216020346,7.4778203490375,458+
2019-07-25 11:00:00+05:30,3E6C9AB21F81863D,28.606835,77.086842,6.237488624948199,7.63701509775575,458+
2019-07-25 12:00:00+05:30,9135C3C94B2A62DA,28.600079,77.103389,6.677875579489344,8.000799222913273,458+
2019-07-25 12:00:00+05:30,539EBCF394F3CD0C,28.600079,77.103389,6.677875579489344,8.000799222913273,458+
2019-07-25 12:00:00+05:30,9135C3C94B2A62DA,28.601747,77.099828,6.662702217194432,7.898171295108953,458+
2019-07-27 10:00:00+05:30,3E6C9AB21F81863D,28.513025,77.304753,6.445558561299305,7.929640807790597,1910+
2019-07-29 10:00:00+05:30,539EBCF394F3CD0C,28.539521,77.226774,5.628229523734084,6.3724488353777975,1276+
2019-07-29 11:00:00+05:30,5F9C8651F6135EDC,28.559919,77.233334,2.130227619072226,5.813476950472208,1535+
2019-07-29 12:00:00+05:30,29331BA38B066F49,28.496294,77.17995,6.1280169285592265,6.158252809300806,589-
2019-07-29 13:00:00+05:30,3E6C9AB21F81863D,28.494695,77.179356,6.188925491104034,6.345056269551577,589-
2019-07-29 14:00:00+05:30,9135C3C94B2A62DA,28.487762,77.191926,6.008988908696925,5.8707320935490115,588+
2019-07-29 14:00:00+05:30,3226265E938C7D1D,28.485732,77.192358,5.979016004343,5.117540174708365,588+
2019-07-30 12:00:00+05:30,B69F884A9448139B,28.688791,77.274656,5.568552477077494,7.0886027800830185,7961+
2019-07-30 12:00:00+05:30,577F90401959E009,28.688791,77.274656,5.568552477077494,7.0886027800830185,7961+
2019-07-30 13:00:00+05:30,2652460B0D5D4C02,28.687077,77.302365,5.616315161906313,6.159323254054764,7961+
2019-07-30 13:00:00+05:30,D2443EE9702B075B,28.687077,77.302365,5.616315161906313,6.159323254054764,7961+
2019-08-01 11:00:00+05:30,5F9C8651F6135EDC,28.635051,77.027148,7.1973920196381735,8.085963932195506,458+
2019-08-01 11:00:00+05:30,9135C3C94B2A62DA,28.635285,77.026111,7.141676787942107,8.115906771860221,458+
2019-08-01 12:00:00+05:30,D2443EE9702B075B,28.69256,77.306308,5.6867097845450605,6.598637726022478,7961+
2019-08-01 12:00:00+05:30,B69F884A9448139B,28.686729,77.301829,5.7376174277412595,6.132669655749264,7961+
2019-08-01 12:00:00+05:30,577F90401959E009,28.69256,77.306308,5.6867097845450605,6.598637726022478,7961+
2019-08-01 12:00:00+05:30,2652460B0D5D4C02,28.686729,77.301829,5.7376174277412595,6.132669655749264,7961+
2019-08-01 13:00:00+05:30,3E6C9AB21F81863D,28.619899,77.026781,4.100708583481676,7.913209766763312,458+
2019-08-01 13:00:00+05:30,539EBCF394F3CD0C,28.619899,77.026781,4.100708583481676,7.913209766763312,458+
2019-08-01 13:00:00+05:30,3226265E938C7D1D,28.596517,77.0537,5.337205972664598,5.738143044398281,458+
2019-08-05 11:00:00+05:30,3226265E938C7D1D,28.508669,77.301571,5.184755332408396,8.031800451893163,1910+
2019-08-05 11:00:00+05:30,212B4F030E110F1B,28.498886,77.295486,1.98822373638747,8.14996586202625,1739+
2019-08-05 12:00:00+05:30,D3B58DAB63EF5C61,28.496667,77.295555,5.473478576307492,8.209473000668497,1739+
2019-08-05 12:00:00+05:30,539EBCF394F3CD0C,28.49045,77.30689,5.375841571696017,8.491729571194558,1909+
2019-08-05 12:00:00+05:30,2652460B0D5D4C02,28.712813,77.29842,6.63150698266808,7.793889073988795,7961+
2019-08-05 13:00:00+05:30,3E6C9AB21F81863D,28.49045,77.30689,5.375841571696017,8.491729571194558,1909+
2019-08-05 14:00:00+05:30,5F9C8651F6135EDC,28.498227,77.313813,6.990185158189124,8.443183986083858,9452+
2019-08-05 14:00:00+05:30,7C0DA7F77D13445F,28.498227,77.313813,6.990185158189124,8.443183986083858,9452+
2019-08-07 10:00:00+05:30,D2443EE9702B075B,28.680679,77.349817,5.928004398235624,6.8855101105899035,7961+
2019-08-07 17:00:00+05:30,2BCD075FECC68D66,28.697025,77.324286,4.977585572822594,7.420721516781785,7961+
2019-08-08 12:00:00+05:30,212B4F030E110F1B,28.586603,77.252237,4.313113717450221,5.521213198398179,7961+
2019-08-08 14:00:00+05:30,3226265E938C7D1D,28.497939,77.248266,7.348611066955913,7.028754021597106,31199+
2019-08-08 14:00:00+05:30,7C0DA7F77D13445F,28.497939,77.248266,7.348611066955913,7.028754021597106,31199+
2019-08-08 15:00:00+05:30,5F9C8651F6135EDC,28.516418,77.301766,6.206445940441771,7.744528094092042,1910+
2019-08-08 15:00:00+05:30,9135C3C94B2A62DA,28.516418,77.301766,6.206445940441771,7.744528094092042,1910+
2019-08-08 17:00:00+05:30,29331BA38B066F49,28.592207,77.202466,6.1027733464884095,7.175628261193833,2825-
2019-08-19 11:00:00+05:30,212B4F030E110F1B,28.54673,77.295581,6.503742895679505,6.931498463168141,1910+
2019-08-19 11:00:00+05:30,3E6C9AB21F81863D,28.53169,77.308345,7.112748976339187,7.354692960382233,1910+
2019-08-19 13:00:00+05:30,9135C3C94B2A62DA,28.470147,77.300475,6.252192867828637,7.934433530911298,1909-
2019-08-19 14:00:00+05:30,29331BA38B066F49,28.419434,77.337851,6.639060946912102,7.891120755549054,5957+
2019-08-19 14:00:00+05:30,29331BA38B066F49,28.419416,77.335696,6.326966239136472,7.810175603957863,5957+
2019-08-19 15:00:00+05:30,5F9C8651F6135EDC,28.419434,77.337851,6.639060946912102,7.891120755549054,5957+
2019-08-20 11:00:00+05:30,B69F884A9448139B,28.726016,77.376674,8.192376832237008,8.629095442342482,7961+
2019-08-20 11:00:00+05:30,539EBCF394F3CD0C,28.477621,77.129492,6.207638445640403,8.182935150099649,1743-
2019-08-20 12:00:00+05:30,67884227A72B71D1,28.477621,77.129492,6.207638445640403,8.182935150099649,1743-
2019-08-20 13:00:00+05:30,3226265E938C7D1D,28.478039,77.128039,5.909754416941706,8.143463255921114,1743-
2019-08-20 13:00:00+05:30,D3B58DAB63EF5C61,28.474476,77.128957,6.583092950919115,8.16657683454049,290+
2019-08-26 10:00:00+05:30,E864778321F55A8F,28.611845,77.287887,5.681976489897544,4.346996865354302,7961+
2019-08-26 11:00:00+05:30,5F9C8651F6135EDC,28.602359,77.306875,5.196389453427141,7.152145752895603,7961+
2019-08-26 12:00:00+05:30,212B4F030E110F1B,28.619673,77.316289,4.758626124092806,7.0896178230039855,7961+
2019-08-26 13:00:00+05:30,3226265E938C7D1D,28.610259,77.342979,7.545678364375559,6.559613569980091,17480+
2019-08-26 13:00:00+05:30,D2443EE9702B075B,28.735928,77.302418,6.400764728736234,8.518685720056519,7961+
2019-08-26 14:00:00+05:30,9135C3C94B2A62DA,28.610259,77.342979,7.545678364375559,6.559613569980091,17480+
2019-08-27 04:00:00+05:30,3E6C9AB21F81863D,28.620762,77.318095,5.7897698725992335,7.118643885614116,7961+
2019-08-28 11:00:00+05:30,B69F884A9448139B,28.722037,77.292849,5.798949799553436,8.118692231656789,7961+
2019-08-29 11:00:00+05:30,E864778321F55A8F,28.707889,77.084314,4.696922987215657,7.8938592195612705,8339+
2019-08-29 12:00:00+05:30,5F9C8651F6135EDC,28.705812,77.081569,5.470222261863064,7.9946484163603175,8339+
2019-08-29 13:00:00+05:30,29331BA38B066F49,28.690004,77.088682,6.59965057489141,7.746428067199663,8339+
2019-08-29 15:00:00+05:30,3E6C9AB21F81863D,28.680162,77.261719,6.2904636896536115,4.9457215554439715,7961+
2019-08-29 15:00:00+05:30,3E6C9AB21F81863D,28.68097,77.261921,6.364661218223199,4.58736448368276,7961+
2019-08-29 15:00:00+05:30,9135C3C94B2A62DA,28.680162,77.261719,6.2904636896536115,4.9457215554439715,7961+
2019-08-30 19:00:00+05:30,3226265E938C7D1D,28.691932,77.090646,6.417705323652427,7.771391925587176,8339+
2019-09-04 11:00:00+05:30,B69F884A9448139B,28.707285,77.271549,6.167165153344594,7.825070483284356,7961+
2019-09-05 12:00:00+05:30,E864778321F55A8F,28.632155,77.405767,6.477136042200565,7.948457510300579,17496-
2019-09-05 12:00:00+05:30,29331BA38B066F49,28.631393,77.4064,6.41138432308147,7.977980283324117,17496-
2019-09-05 23:00:00+05:30,3226265E938C7D1D,28.685531,77.289182,5.669734173722551,5.339000022257386,7961+
2019-09-09 12:00:00+05:30,9135C3C94B2A62DA,28.503816,77.235919,6.944916299926716,6.157338374532789,31199+
2019-09-09 13:00:00+05:30,5F9C8651F6135EDC,28.589443,77.20144,6.3444215319923245,6.9840910907777625,2825-
2019-09-12 10:00:00+05:30,29331BA38B066F49,28.557844,77.274986,5.175308056191077,6.589869325367629,1535+
2019-09-12 11:00:00+05:30,7C0DA7F77D13445F,28.569243,77.286321,6.277990303155308,7.084029831263957,1910+
2019-09-12 12:00:00+05:30,E864778321F55A8F,28.566193,77.28643,5.464232645859183,6.785614988239295,1910+
2019-09-16 10:00:00+05:30,539EBCF394F3CD0C,28.536391,77.228985,5.691179590267434,6.504148677002918,1276+
2019-09-16 10:00:00+05:30,29331BA38B066F49,28.536391,77.228985,5.691179590267434,6.504148677002918,1276+
2019-09-16 14:00:00+05:30,7C0DA7F77D13445F,28.560287,77.232891,3.630223889133724,5.9162443793678205,1535+
2019-09-16 14:00:00+05:30,5F9C8651F6135EDC,28.701841,77.271663,4.667257994897042,7.622150996562791,7961+
2019-09-16 15:00:00+05:30,3226265E938C7D1D,28.680825,77.166203,4.024684510934072,7.523125654198806,2825-
2019-09-19 11:00:00+05:30,29331BA38B066F49,28.5479,77.003554,6.241171213693732,8.613889942292326,458+
2019-09-19 12:00:00+05:30,539EBCF394F3CD0C,28.550332,77.011982,5.857905365355902,8.556578089715256,458+
2019-09-19 12:00:00+05:30,7C0DA7F77D13445F,28.550332,77.011982,5.857905365355902,8.556578089715256,458+
2019-09-19 13:00:00+05:30,5F9C8651F6135EDC,28.623944,77.019595,5.898232842560465,8.031030264109532,458+
2019-09-19 13:00:00+05:30,3226265E938C7D1D,28.623944,77.019595,5.898232842560465,8.031030264109532,458+
2019-09-23 11:00:00+05:30,539EBCF394F3CD0C,28.523447,77.23497,6.1821675631316015,6.5486519924838555,31200-
2019-09-23 11:00:00+05:30,539EBCF394F3CD0C,28.519925,77.235018,6.444314176634563,6.41324603303729,31199+
2019-09-23 11:00:00+05:30,7C0DA7F77D13445F,28.523447,77.23497,6.1821675631316015,6.5486519924838555,31200-
2019-09-23 12:00:00+05:30,577F90401959E009,28.726016,77.376674,8.192376832237008,8.629095442342482,7961+
2019-09-23 12:00:00+05:30,3E6C9AB21F81863D,28.726016,77.376674,8.192376832237008,8.629095442342482,7961+
2019-09-23 13:00:00+05:30,29331BA38B066F49,28.575839,77.237499,4.565616672807371,4.889359964837801,1535+
2019-09-23 13:00:00+05:30,3226265E938C7D1D,28.575839,77.237499,4.565616672807371,4.889359964837801,1535+
2019-09-26 11:00:00+05:30,3226265E938C7D1D,28.576569,77.22096,4.37820615362069,5.973872071300837,7961+
2019-09-26 11:00:00+05:30,E864778321F55A8F,28.576569,77.22096,4.37820615362069,5.973872071300837,7961+
2019-09-26 13:00:00+05:30,539EBCF394F3CD0C,28.510169,77.334759,7.391776476377646,8.013346662739396,17496-
2019-09-26 13:00:00+05:30,29331BA38B066F49,28.506083,77.341023,7.154913007349252,8.121177817168448,17496-
2019-09-27 00:00:00+05:30,7C0DA7F77D13445F,28.510169,77.334759,7.391776476377646,8.013346662739396,17496-
2019-09-30 12:00:00+05:30,2BCD075FECC68D66,28.693905,77.327956,0.9002083025570441,7.44927045643022,7961+
2019-10-01 12:00:00+05:30,9135C3C94B2A62DA,28.485196,77.312765,4.181971152162312,8.486458472470062,831-
2019-10-01 12:00:00+05:30,3226265E938C7D1D,28.485196,77.312765,4.181971152162312,8.486458472470062,831-
2019-10-01 13:00:00+05:30,E864778321F55A8F,28.407199,77.326643,6.436162679662866,7.766531842310594,5957+
2019-10-01 14:00:00+05:30,29331BA38B066F49,28.369656,77.328893,6.858974303712377,7.058976338294078,5957+
2019-10-01 16:00:00+05:30,539EBCF394F3CD0C,28.335425,77.350452,6.618670770527865,8.484230127306857,5957+
2019-10-01 16:00:00+05:30,7C0DA7F77D13445F,28.335425,77.350452,6.618670770527865,8.484230127306857,5957+
2019-10-04 11:00:00+05:30,B69F884A9448139B,28.727589,77.377457,8.21537730646435,8.662411910354924,7961+
2019-10-10 11:00:00+05:30,E864778321F55A8F,28.518948,77.23367,6.272787938451849,6.214753586584601,31199+
2019-10-10 11:00:00+05:30,29331BA38B066F49,28.520402,77.23391,6.233549028942304,6.214665028578573,31199+
2019-10-10 11:00:00+05:30,E864778321F55A8F,28.520402,77.23391,6.233549028942304,6.214665028578573,31199+
2019-10-10 14:00:00+05:30,9135C3C94B2A62DA,28.519355,77.177083,6.841046162564273,6.350590945145181,293-
2019-10-11 12:00:00+05:30,7C0DA7F77D13445F,28.728508,77.266813,4.9747473913738025,8.450470395374253,7961+
2019-10-11 13:00:00+05:30,2BCD075FECC68D66,28.720502,77.301309,7.04437724499285,8.10865858738565,7961+
2019-10-11 14:00:00+05:30,5F9C8651F6135EDC,28.706758,77.327715,5.980517547651216,7.89559010747246,7961+
2019-10-11 15:00:00+05:30,B69F884A9448139B,28.707902,77.302661,6.835995118053726,7.633804216368382,7961+
2019-10-11 16:00:00+05:30,577F90401959E009,28.69492,77.276178,6.0316728649033005,7.1089792774874745,7961+
2019-10-11 16:00:00+05:30,64B3181C3318574E,28.69492,77.276178,6.0316728649033005,7.1089792774874745,7961+
2019-10-14 12:00:00+05:30,7C0DA7F77D13445F,28.692931,77.303384,5.881623895656964,6.3887397440004206,7961+
2019-10-16 11:00:00+05:30,7C0DA7F77D13445F,28.73618,77.300703,6.599478366233647,8.517630743595461,7961+
2019-11-18 12:00:00+05:30,D3B58DAB63EF5C61,28.557807,77.183667,4.197600548207517,6.730421950410236,591+
2019-11-18 12:00:00+05:30,577F90401959E009,28.58443,77.227263,5.537956308385438,4.2428299438438755,7961+
2019-11-18 12:00:00+05:30,5F9C8651F6135EDC,28.574578,77.207609,5.188907984261949,5.269310068202901,357-
2019-11-19 11:00:00+05:30,2BCD075FECC68D66,28.743964,77.266367,5.672191162280654,8.670966239796503,7961+
2019-11-20 11:00:00+05:30,29331BA38B066F49,28.68903,77.298012,3.7587877594871877,4.669210909545819,7961+
2019-11-21 11:00:00+05:30,7C0DA7F77D13445F,28.701288,77.322936,5.643309371724253,7.560076996800915,7961+
2019-11-21 11:00:00+05:30,D3B58DAB63EF5C61,28.539521,77.226774,5.628229523734084,6.3724488353777975,1276+
2019-11-21 12:00:00+05:30,E864778321F55A8F,28.559919,77.233334,2.130227619072226,5.813476950472208,1535+
2019-11-21 13:00:00+05:30,5F9C8651F6135EDC,28.539521,77.226774,5.628229523734084,6.3724488353777975,1276+
2019-11-21 14:00:00+05:30,539EBCF394F3CD0C,28.485732,77.192358,5.979016004343,5.117540174708365,588+
2019-11-25 11:00:00+05:30,539EBCF394F3CD0C,28.48797,77.311938,5.399412755378687,8.52784151448459,831-
2019-11-25 13:00:00+05:30,5F9C8651F6135EDC,28.52137,77.17933,6.905471686945306,5.605768500038467,346+
2019-11-25 15:00:00+05:30,D3B58DAB63EF5C61,28.517327,77.177106,6.695017967612205,6.583397917290227,293-
2019-11-26 14:00:00+05:30,7C0DA7F77D13445F,28.69256,77.306308,5.6867097845450605,6.598637726022478,7961+
2019-11-26 14:00:00+05:30,2BCD075FECC68D66,28.687077,77.302365,5.616315161906313,6.159323254054764,7961+
2019-11-26 14:00:00+05:30,29331BA38B066F49,28.69256,77.306308,5.6867097845450605,6.598637726022478,7961+
2019-11-28 11:00:00+05:30,7C0DA7F77D13445F,28.755189,77.290097,6.124634992555042,8.85808462122958,7961+
2019-11-28 11:00:00+05:30,5F9C8651F6135EDC,28.626032,77.324975,5.879820881129013,7.390343784447531,7961+
2019-11-28 11:00:00+05:30,539EBCF394F3CD0C,28.626032,77.324975,5.879820881129013,7.390343784447531,7961+
2019-11-28 13:00:00+05:30,3E6C9AB21F81863D,28.720502,77.301309,7.04437724499285,8.10865858738565,7961+
2019-11-28 13:00:00+05:30,D3B58DAB63EF5C61,28.602359,77.306875,5.196389453427141,7.152145752895603,7961+
2019-11-28 13:00:00+05:30,577F90401959E009,28.602359,77.306875,5.196389453427141,7.152145752895603,7961+
2019-11-28 14:00:00+05:30,2BCD075FECC68D66,28.713619,77.274499,6.479674978158947,7.987416545367064,7961+
2019-11-29 12:00:00+05:30,D2443EE9702B075B,28.713619,77.274499,6.479674978158947,7.987416545367064,7961+
2019-12-03 12:00:00+05:30,3E6C9AB21F81863D,28.727589,77.377457,8.21537730646435,8.662411910354924,7961+
2019-12-03 12:00:00+05:30,29331BA38B066F49,28.727589,77.377457,8.21537730646435,8.662411910354924,7961+
2019-12-05 10:00:00+05:30,D3B58DAB63EF5C61,28.512831,77.233079,4.938811359400283,6.839207194693926,31199+
2019-12-05 11:00:00+05:30,577F90401959E009,28.513686,77.227516,5.186891542223424,6.628333734191563,1731-
2019-12-05 11:00:00+05:30,2652460B0D5D4C02,28.70505,77.265302,5.197530176616623,7.831123276123573,7961+
2019-12-05 11:00:00+05:30,3E6C9AB21F81863D,28.64303,77.334917,6.107546431463622,5.16524208497826,7961+
2019-12-05 12:00:00+05:30,539EBCF394F3CD0C,28.498529,77.239211,7.3425590289447875,5.574427029521328,31199+
2019-12-09 11:00:00+05:30,5F9C8651F6135EDC,28.49783,77.312302,6.837604644612657,8.436685575570225,9452+
2019-12-09 11:00:00+05:30,7C0DA7F77D13445F,28.70505,77.265302,5.197530176616623,7.831123276123573,7961+
2019-12-09 14:00:00+05:30,29331BA38B066F49,28.64303,77.334917,6.107546431463622,5.16524208497826,7961+
2019-12-12 11:00:00+05:30,7C0DA7F77D13445F,28.78726,77.337633,5.780100127130891,9.33789099302203,7961+
2019-12-12 13:00:00+05:30,2BCD075FECC68D66,28.687584,77.263415,6.785649540976261,6.351363692497763,7961+
2019-12-12 13:00:00+05:30,9135C3C94B2A62DA,28.687584,77.263415,6.785649540976261,6.351363692497763,7961+
2019-12-12 13:00:00+05:30,5F9C8651F6135EDC,28.571317,77.168865,5.860356798571321,6.563270581566233,2864+
2019-12-12 15:00:00+05:30,D3B58DAB63EF5C61,28.524311,77.221926,6.277753431892717,4.8870126779738445,1731-
2019-12-17 10:00:00+05:30,29331BA38B066F49,28.688791,77.274656,5.568552477077494,7.0886027800830185,7961+
2019-12-17 10:00:00+05:30,7C0DA7F77D13445F,28.688791,77.274656,5.568552477077494,7.0886027800830185,7961+
2019-12-19 12:00:00+05:30,212B4F030E110F1B,28.628802,77.012496,6.975066827044745,7.930346430345908,458+
2019-12-19 13:00:00+05:30,D3B58DAB63EF5C61,28.630857,77.008889,6.488048440919333,7.898791594831245,458+
2019-12-19 14:00:00+05:30,E864778321F55A8F,28.635051,77.027148,7.1973920196381735,8.085963932195506,458+
2019-12-19 14:00:00+05:30,E864778321F55A8F,28.635285,77.026111,7.141676787942107,8.115906771860221,458+
2019-12-23 11:00:00+05:30,539EBCF394F3CD0C,28.53962,77.220264,5.775810441344118,6.204039997171853,1276+
2019-12-23 12:00:00+05:30,D3B58DAB63EF5C61,28.520566,77.223691,6.038168717259223,5.833701988563542,1731-
2019-12-23 12:00:00+05:30,D3B58DAB63EF5C61,28.520076,77.222246,5.943187401740701,5.946613416659431,1731-
2019-12-23 12:00:00+05:30,5F9C8651F6135EDC,28.520076,77.222246,5.943187401740701,5.946613416659431,1731-
2019-12-26 11:00:00+05:30,9135C3C94B2A62DA,28.687077,77.302365,5.616315161906313,6.159323254054764,7961+
2019-12-26 11:00:00+05:30,5F9C8651F6135EDC,28.453148,77.177812,6.315890297739017,7.249098888428538,588+
2019-12-26 12:00:00+05:30,2652460B0D5D4C02,28.7038817,77.314649,6.524782249176407,7.523075243650438,7961+
2019-12-26 13:00:00+05:30,D2443EE9702B075B,28.7038817,77.314649,6.524782249176407,7.523075243650438,7961+
2019-12-26 13:00:00+05:30,7C0DA7F77D13445F,28.731019,77.291953,5.7044509800012415,8.377984661588794,7961+
2019-12-26 13:00:00+05:30,D3B58DAB63EF5C61,28.496852,77.182057,5.6403066344111314,5.588120754986216,589-
2019-12-26 14:00:00+05:30,539EBCF394F3CD0C,28.524114,77.234947,6.11922262494571,6.602147947272086,31200-
2019-12-26 14:00:00+05:30,9135C3C94B2A62DA,28.686729,77.301829,5.7376174277412595,6.132669655749264,7961+
2020-01-02 10:00:00+05:30,D3B58DAB63EF5C61,28.560295,77.224097,5.354126378103716,5.553095199537545,1276+
2020-01-02 10:00:00+05:30,7C0DA7F77D13445F,28.690557,77.308123,3.630655766092404,6.109423480265141,7961+
2020-01-02 12:00:00+05:30,539EBCF394F3CD0C,28.496667,77.295555,5.473478576307492,8.209473000668497,1739+
2020-01-02 12:00:00+05:30,5F9C8651F6135EDC,28.49045,77.30689,5.375841571696017,8.491729571194558,1909+
2020-01-06 10:00:00+05:30,D2443EE9702B075B,28.727589,77.377457,8.21537730646435,8.662411910354924,7961+
2020-01-06 12:00:00+05:30,2652460B0D5D4C02,28.68903,77.298012,3.7587877594871877,4.669210909545819,7961+
2020-01-06 12:00:00+05:30,7C0DA7F77D13445F,28.68903,77.298012,3.7587877594871877,4.669210909545819,7961+
2020-01-09 12:00:00+05:30,539EBCF394F3CD0C,28.548609,77.299599,5.694387147342842,6.566266742551049,1910+
2020-01-10 09:00:00+05:30,D2443EE9702B075B,28.692931,77.303384,5.881623895656964,6.3887397440004206,7961+
2020-01-10 10:00:00+05:30,2652460B0D5D4C02,28.706758,77.327715,5.980517547651216,7.89559010747246,7961+
2020-01-10 10:00:00+05:30,9135C3C94B2A62DA,28.706758,77.327715,5.980517547651216,7.89559010747246,7961+
2020-01-10 10:00:00+05:30,29331BA38B066F49,28.692931,77.303384,5.881623895656964,6.3887397440004206,7961+
2020-01-13 13:00:00+05:30,D3B58DAB63EF5C61,28.521356,77.179661,6.872417073746196,5.491942780192846,346+
2020-01-13 15:00:00+05:30,539EBCF394F3CD0C,28.524814,77.179062,6.842031494722416,6.001753240767609,346+
2020-01-13 15:00:00+05:30,5F9C8651F6135EDC,28.520908,77.286893,6.476906038536581,7.041198953640442,1911-
2020-01-15 10:00:00+05:30,9135C3C94B2A62DA,28.686592,77.302394,5.795186077794071,6.23540442845768,7961+
2020-01-15 12:00:00+05:30,D2443EE9702B075B,28.690489,77.324004,2.7794492357198437,7.074798201967515,7961+
2020-01-15 13:00:00+05:30,7C0DA7F77D13445F,28.748822,77.300697,6.073852073628439,8.761861783396855,7961+
2020-01-15 13:00:00+05:30,29331BA38B066F49,28.748822,77.300697,6.073852073628439,8.761861783396855,7961+
2020-01-16 11:00:00+05:30,539EBCF394F3CD0C,28.620762,77.318095,5.7897698725992335,7.118643885614116,7961+
2020-01-16 13:00:00+05:30,D3B58DAB63EF5C61,28.630036,77.299211,6.5636873654468815,6.803529062436366,7961+
2020-01-17 10:00:00+05:30,D2443EE9702B075B,28.680212,77.343264,5.863693294099572,7.372859927702708,7961+
2020-01-17 12:00:00+05:30,2652460B0D5D4C02,28.686837,77.295842,5.632380749276853,6.062044078727121,7961+
2020-01-17 12:00:00+05:30,9135C3C94B2A62DA,28.686837,77.295842,5.632380749276853,6.062044078727121,7961+
2020-01-20 11:00:00+05:30,2BCD075FECC68D66,28.70829,77.251409,5.439435907067244,7.749604548121678,7961+
2020-01-20 11:00:00+05:30,D2443EE9702B075B,28.70829,77.251409,5.439435907067244,7.749604548121678,7961+
2020-01-20 12:00:00+05:30,5F9C8651F6135EDC,28.448194,77.009874,6.195372744471297,8.028201739865889,1744-
2020-01-20 12:00:00+05:30,9135C3C94B2A62DA,28.725034,77.245214,7.1957420667084735,7.974959155190973,7961+
2020-01-20 12:00:00+05:30,D3B58DAB63EF5C61,28.432588,77.00297,6.53778771752804,8.207633476817682,1744-
2020-01-20 12:00:00+05:30,2652460B0D5D4C02,28.725034,77.245214,7.1957420667084735,7.974959155190973,7961+
2020-01-20 13:00:00+05:30,539EBCF394F3CD0C,28.432588,77.00297,6.53778771752804,8.207633476817682,1744-
2020-01-20 13:00:00+05:30,29331BA38B066F49,28.684591,77.332519,4.493285957425659,7.406210718289122,7961+
2020-01-20 14:00:00+05:30,3E6C9AB21F81863D,28.712385,77.32864,5.585329192469143,8.086579149980139,7961+
2020-01-20 14:00:00+05:30,64B3181C3318574E,28.532048,77.085961,4.56797597105779,7.8266912903274815,458+
2020-01-22 10:00:00+05:30,3E6C9AB21F81863D,28.69256,77.306308,5.6867097845450605,6.598637726022478,7961+
2020-01-22 12:00:00+05:30,9135C3C94B2A62DA,28.720153,77.292862,5.768483178347391,8.054514789765872,7961+
2020-01-22 13:00:00+05:30,29331BA38B066F49,28.7038817,77.314649,6.524782249176407,7.523075243650438,7961+
2020-01-23 11:00:00+05:30,D3B58DAB63EF5C61,28.575839,77.237499,4.565616672807371,4.889359964837801,1535+
2020-01-23 11:00:00+05:30,D3B58DAB63EF5C61,28.578681,77.230639,4.550811812218318,6.187976601408609,7961+
2020-01-23 12:00:00+05:30,539EBCF394F3CD0C,28.576569,77.22096,4.37820615362069,5.973872071300837,7961+
2020-01-23 13:00:00+05:30,5F9C8651F6135EDC,28.519925,77.235018,6.444314176634563,6.41324603303729,31199+
2020-01-23 13:00:00+05:30,64B3181C3318574E,28.523447,77.23497,6.1821675631316015,6.5486519924838555,31200-
2020-01-24 10:00:00+05:30,D2443EE9702B075B,28.70381,77.3138,6.487722961644703,7.511283686516682,7961+
2020-01-24 11:00:00+05:30,2BCD075FECC68D66,28.697745,77.30366,5.104767705425697,6.935603782257884,7961+
2020-01-27 11:00:00+05:30,D3B58DAB63EF5C61,28.732882,77.285908,5.605931698113834,8.431739310644543,7961+
2020-01-27 13:00:00+05:30,539EBCF394F3CD0C,28.68097,77.261921,6.364661218223199,4.58736448368276,7961+
2020-01-27 15:00:00+05:30,5F9C8651F6135EDC,28.656425,77.422669,6.5519921344471515,8.463053727896305,17496-
2020-01-27 15:00:00+05:30,64B3181C3318574E,28.656425,77.422669,6.5519921344471515,8.463053727896305,17496-
2020-01-29 11:00:00+05:30,D2443EE9702B075B,28.68736,77.263449,6.783281690755286,6.307474639362888,7961+
2020-01-29 13:00:00+05:30,2BCD075FECC68D66,28.694694,77.31087,5.532298018034131,6.683437810751056,7961+
2020-01-29 13:00:00+05:30,29331BA38B066F49,28.694694,77.31087,5.532298018034131,6.683437810751056,7961+
2020-01-30 11:00:00+05:30,539EBCF394F3CD0C,28.519656,77.237415,6.540288505308344,6.740717262803877,31199+
2020-01-30 12:00:00+05:30,D3B58DAB63EF5C61,28.51939,77.240498,6.603424929600022,7.016240949859977,31200-
2020-01-30 15:00:00+05:30,64B3181C3318574E,28.506083,77.341023,7.154913007349252,8.121177817168448,17496-
2020-01-30 15:00:00+05:30,5F9C8651F6135EDC,28.510169,77.334759,7.391776476377646,8.013346662739396,17496-
